id,admission_id,amount,payment_type,payment_date,notes,created_at,updated_at
00c85297-3fbf-42ac-ba2e-a24b2775d3eb,8b9ceb2b-4f30-4e34-98e2-bcbc81ed8372,3000,advance,2025-12-06,Initial advance payment,2025-12-06 06:14:44.605915+00,2025-12-06 06:14:44.605915+00
018cb186-fe9a-42c7-90d0-11d7ddec4166,fd99c8bd-a24d-4672-aebf-f418d56ca2ad,4000,advance,2025-11-20,Initial advance payment,2025-11-20 05:13:55.552225+00,2025-11-20 05:13:55.552225+00
0193692d-7478-4f23-b261-20d315ec7672,dc08de84-c605-42c6-9ef5-ce4fe20b06c1,3000,advance,2025-08-22,Initial advance payment,2025-08-22 12:14:22.277895+00,2025-08-22 12:14:22.277895+00
044ea003-002f-4c53-8edd-30e0009bb800,c498fa03-3c6d-42f2-a300-9cb61d17b5b3,2500,advance,2025-08-18,Initial advance payment,2025-08-18 03:48:30.336915+00,2025-08-18 03:48:30.336915+00
04af3d33-ee37-4f9d-9b0c-0d6155cab558,024886e4-9127-4110-a391-78dfcaabc03a,2500,advance,2026-03-03,Initial advance payment,2026-03-03 04:47:24.211186+00,2026-03-03 04:47:24.211186+00
06b9156c-f188-412f-87b4-325b2d60d905,715c36a5-e10f-4de0-906e-a850cd5b827d,5500,advance,2026-01-26,Initial advance payment,2026-01-26 06:10:56.68097+00,2026-01-26 06:10:56.68097+00
08632ff5-fc0c-48f5-a290-0877cb419055,4ec7469f-f2df-4687-87bd-551fc759b78d,5000,advance,2026-02-02,Initial advance payment,2026-02-02 13:02:21.40129+00,2026-02-02 13:02:21.40129+00
08b8bea8-5b40-4498-b523-26f07cbfbb96,a304f84b-9bff-4d3b-9abc-118037360a7a,5000,advance,2025-12-22,Initial advance payment,2025-12-22 12:06:56.484278+00,2025-12-22 12:06:56.484278+00
098d8b76-11af-4f96-ba05-8a7002a947f5,800beba5-ff0e-4ced-bc59-51a62302dc10,3500,advance,2025-11-25,Initial advance payment,2025-11-25 02:53:15.508027+00,2025-11-25 02:53:15.508027+00
0c9854c7-6fa3-4df8-a099-983707c06d06,793c4f0c-f615-4289-a163-6e8c2e4216c2,2500,installment_1,2025-09-09,,2025-09-09 11:58:15.76753+00,2025-09-09 11:58:15.76753+00
0cdb3601-f22b-4c2c-96b6-c6e8a71ea2f9,62743124-fd10-47be-a6ea-97e67fd6dd20,5000,advance,2026-01-08,Initial advance payment,2026-01-08 13:10:33.340938+00,2026-01-08 13:10:33.340938+00
0e9c609d-2c68-4fd8-a5f0-fab2760536a2,1fd73b6a-ede2-4c7e-8abe-1527499397cc,5000,advance,2025-11-04,Initial advance payment,2025-11-04 03:01:18.997937+00,2025-11-04 03:01:18.997937+00
0fbfc62e-a27d-4e56-a37f-58a75a469b44,fe593cbb-1248-4885-b037-31f5a3a296de,4000,advance,2025-12-19,Initial advance payment,2025-12-19 12:28:47.493676+00,2025-12-19 12:28:47.493676+00
0fcd67e1-50d9-4028-b627-c3704ae7d82c,a0b49496-1317-4224-8e2c-9fac0f0e8544,3000,advance,2025-10-10,Initial advance payment,2025-10-10 11:12:08.071236+00,2025-10-10 11:12:08.071236+00
10b383bd-7fd8-4cb4-ae96-c713c9d57694,4ff4aa7d-09e2-4e6d-bf6c-21628776b229,1,advance,2025-11-17,Initial advance payment,2025-11-17 12:53:10.471418+00,2025-11-17 12:53:10.471418+00
14d314c5-7230-4d22-b62a-c457438f2c1f,b6167751-d91d-4249-b171-484b500e4ef2,3000,advance,2025-09-27,Initial advance payment,2025-09-27 05:58:46.282625+00,2025-09-27 05:58:46.282625+00
15ef5808-fac4-4c7e-96e8-277ea7b3eed4,cb5f8ffa-c4f9-4adf-9dfc-c12f0d702844,3000,advance,2026-01-01,Initial advance payment,2026-01-01 11:59:17.730196+00,2026-01-01 11:59:17.730196+00
19ee1730-cc46-4e3e-a3ff-bb68d8add627,139716da-ab48-43fd-8fe9-91269a8258d8,1000,installment_1,2025-12-15,"cash
",2025-12-15 06:40:58.679827+00,2025-12-15 06:40:58.679827+00
1b1506da-0596-4635-ae50-b12d417a033d,c76d4774-4bd8-45e1-a058-e6473bea16cd,5000,advance,2026-02-20,Initial advance payment,2026-02-20 11:29:58.161039+00,2026-02-20 11:29:58.161039+00
1bc32e81-2f58-4457-be76-f44b02862849,71772fb2-4ede-4f7c-98f9-6ebd10e552fa,4999,installment_1,2025-11-27,,2025-11-27 06:48:27.789745+00,2025-11-27 06:48:27.789745+00
1d38b84d-101b-47f5-8f33-e40e69617648,a4f02947-726e-47ac-9452-e314089a531f,1000,installment_2,2025-10-15,lerning,2025-11-21 03:41:56.191538+00,2025-11-21 08:34:54.484062+00
1da0b2f2-fb21-46ef-ae94-890f1dcf5de2,281cf66f-151a-4612-ae2c-eaaa44cacecf,3000,advance,2025-12-12,Initial advance payment,2025-12-12 11:54:02.395555+00,2025-12-12 11:54:02.395555+00
1db35ec1-6e16-4b5a-87f2-68bf6791ec69,4c06a455-24ab-4e1c-af33-4c7dc157b63e,5000,advance,2026-02-05,Initial advance payment,2026-02-05 11:08:54.148183+00,2026-02-05 11:08:54.148183+00
1f7b612c-73b1-4057-8da2-4b7aa187ad21,ac3c8bbd-8aa9-4e94-a856-070f9510215b,2000,installment_1,2026-01-01,,2026-01-01 07:39:00.345002+00,2026-01-01 07:39:00.345002+00
1fb86a83-4a7e-42f3-b381-a0538695b994,2136049c-d410-4df5-966c-1fd8df4f6d17,5000,advance,2025-11-17,Initial advance payment,2025-11-17 04:17:37.815826+00,2025-11-17 04:17:37.815826+00
20d75c09-f8ac-42fd-aa2e-bd60a4a45419,3166dd93-463e-420e-97ab-1c4ea02a23c1,2000,installment_1,2026-01-03,,2026-01-03 12:18:44.370313+00,2026-01-03 12:18:44.370313+00
22d05b6b-ec46-4a55-b5c3-002e8b1c80ee,629a91cc-1932-41ee-bdf8-06ed586c6bc0,5000,advance,2025-11-10,Initial advance payment,2025-11-10 12:11:59.588212+00,2025-11-10 12:11:59.588212+00
232888f2-229b-4482-98bb-f2fed4644966,59364a17-d050-4cb0-98f3-139ee2cc4e87,3000,advance,2025-09-15,Initial advance payment,2025-09-15 06:26:37.144195+00,2025-09-15 06:26:37.144195+00
2533c361-0895-4e9b-b389-3c308647ccdf,d38eb72a-27d2-4669-acdb-dcaba4b03515,2500,advance,2026-02-16,Initial advance payment,2026-02-16 04:58:37.598876+00,2026-02-16 04:58:37.598876+00
25bd59aa-8c1b-42af-83ea-2f5ee51ad9ef,146fa223-2965-48fd-8026-a5b290c7e2a8,5000,advance,2025-12-13,Initial advance payment,2025-12-13 06:31:06.331828+00,2025-12-13 06:31:06.331828+00
2785fa2c-e16b-4954-9940-d915d7dc6fe6,c2a15cc7-16ac-40b1-aa93-8adcb09e7865,3000,advance,2025-11-19,Initial advance payment,2025-11-19 06:50:19.310345+00,2025-11-19 06:50:19.310345+00
296fbde5-3370-4093-8b21-e788f464d257,2bcf92bc-2628-4028-8382-39962bc26d06,3500,advance,2025-10-04,Initial advance payment,2025-10-04 03:10:02.57598+00,2025-10-04 03:10:02.57598+00
2a05e5e5-3d0f-404b-bf9a-18455034d12d,4e5de3e6-0256-4be0-8fb1-96cb1aaf7dde,3500,installment_1,2025-10-11,,2025-10-11 12:42:29.096858+00,2025-10-11 12:42:29.096858+00
2c2a5561-2d3f-499b-863f-6e1d93b1e9a2,a0b49496-1317-4224-8e2c-9fac0f0e8544,2000,installment_1,2025-10-18,,2025-10-18 04:43:37.99516+00,2025-10-18 04:43:37.99516+00
2c9b8f24-b22d-4312-b77d-39ecea7a2e3a,b8ef6647-f562-4ee4-8fd8-b98661ffd985,1000,installment_1,2025-09-17,lerning,2025-09-17 05:20:19.350134+00,2025-09-17 05:20:19.350134+00
2cf9adae-8300-4d74-8785-0d5a8586c95e,c2d725aa-b39e-40c3-848a-4ac2358e5f62,3000,advance,2026-01-05,Initial advance payment,2026-01-05 12:12:27.885255+00,2026-01-05 12:12:27.885255+00
2e1f1dfb-cec2-453e-b9f4-cafe0ef4c150,5a614cff-722e-475b-81eb-b59bb0c893bd,2000,installment_2,2025-11-29,,2025-11-29 05:14:30.369645+00,2025-11-29 05:14:30.369645+00
325ab06c-85d2-4d77-a29e-afb45470743f,a1719334-0661-4292-a031-6960276d5a88,5000,advance,2026-02-05,Initial advance payment,2026-02-05 03:52:06.926063+00,2026-02-05 03:52:06.926063+00
330bf453-f7f1-4769-a3c9-fae0d5b704a3,7b8190b4-9d9d-4cfb-8a8d-4d17b6e0057b,3000,advance,2025-12-06,Initial advance payment,2025-12-06 06:13:39.711127+00,2025-12-06 06:13:39.711127+00
34fd6c8c-65da-43b2-a521-4261e7c7d3de,80e3da95-0183-455b-bdc6-f482fede0e25,5000,advance,2025-08-25,Initial advance payment,2025-08-25 06:21:16.082879+00,2025-08-25 16:27:05.851514+00
355b19ec-e51b-4815-b88d-dc3dcebea37f,e2d251aa-f73f-44a6-9c9e-02efcb52a759,2500,installment_1,2025-09-04,,2025-09-04 03:21:03.344848+00,2025-09-04 03:21:03.344848+00
36b95570-179b-4e62-8a93-0859d88c644c,b87e8d99-c323-44b7-a733-86eb75ac50df,8500,advance,2025-11-10,Initial advance payment,2025-11-10 02:46:06.593616+00,2025-11-10 02:46:06.593616+00
36d966c1-42f1-48fa-b690-81d64410a847,e589fb54-0c9b-4735-ad90-ad78d110f2ff,2500,installment_1,2026-02-13,,2026-02-13 12:48:57.211954+00,2026-02-13 12:48:57.211954+00
39168869-908b-42c3-953b-13881ad91b04,277444c9-b50a-4240-98fa-2c02ba4fe6e7,5000,advance,2025-09-18,Initial advance payment,2025-09-18 05:07:10.187249+00,2025-09-18 05:07:10.187249+00
3bd75cb0-e2ae-4f68-aa76-8e26170799c8,1298ab27-b4ba-4bde-b241-02d4f088be8b,4000,installment_1,2025-12-16,,2025-12-16 05:00:05.424239+00,2025-12-16 05:00:05.424239+00
3c086a23-374c-457e-8e80-8592a51704f4,b70388ef-e3ce-447a-9c38-056a2fed9ba6,3000,advance,2025-10-10,Initial advance payment,2025-10-10 11:10:34.52961+00,2025-10-10 11:10:34.52961+00
3cf93f1b-a5ff-42fc-ad56-a1b4977dce02,a6ab06d1-27c8-4b28-b435-74c409a4b102,0,installment_1,2025-09-05,"licence fees ",2025-09-05 05:26:36.774565+00,2025-09-05 05:32:22.464184+00
40dc8895-69d5-4365-b5d2-787642e0f19e,59364a17-d050-4cb0-98f3-139ee2cc4e87,4000,installment_2,2025-11-27,,2025-11-27 03:39:37.151366+00,2025-11-27 03:39:37.151366+00
41a84906-b9ba-4492-8b5c-42ef15d7a75b,2e06f503-74f6-4953-9c2a-8935d0bc13ae,6500,advance,2025-09-23,Initial advance payment,2025-09-23 12:02:15.99441+00,2025-09-23 12:02:15.99441+00
4260c7c6-0457-404a-b4f1-6ed81bbe9635,996d40c0-3ea3-4f4b-ba7d-c559870c979b,5500,advance,2026-01-01,Initial advance payment,2026-01-01 06:47:51.130509+00,2026-01-01 06:47:51.130509+00
430ff749-89a6-4cea-aaa6-f1d9969639d8,661ca6f0-5f6f-43de-9ab8-2bd4fe42f4c8,3500,advance,2025-11-25,Initial advance payment,2025-11-25 02:51:50.169245+00,2025-11-25 02:51:50.169245+00
43367294-cbb0-4c82-b1ff-5f13711e81dd,c2a5815c-c8d9-4d64-852a-ad4b4ce0b149,4000,installment_1,2025-09-23,,2025-09-23 03:38:23.608026+00,2025-09-23 03:38:23.608026+00
43e190f9-b0a9-4b09-8a63-38306c538e06,b6eb25d0-893e-4bd5-9a98-a10491ba172c,3000,advance,2026-01-05,Initial advance payment,2026-01-05 06:07:44.249278+00,2026-01-05 06:07:44.249278+00
45685a7b-b955-43cf-a387-785a4a7500ea,3e3c5b76-676c-43b5-81dc-ee82961b77e7,5000,advance,2026-01-08,Initial advance payment,2026-01-08 12:21:28.754353+00,2026-01-08 12:21:28.754353+00
459c4859-6257-4e48-8015-67f01f66dcc9,579f22ee-5e5c-4edc-9dfc-ce51faba4873,2000,advance,2026-01-24,Initial advance payment,2026-01-24 06:17:44.433711+00,2026-01-24 06:17:44.433711+00
45d93ba5-c260-4dfb-947b-d5907dd91126,a6ab06d1-27c8-4b28-b435-74c409a4b102,5000,advance,2025-08-26,Initial advance payment,2025-08-26 03:49:57.957358+00,2025-08-26 03:49:57.957358+00
46ae881e-f9c1-41c4-86f2-e8a2911ca1a9,1d5cd5fa-30c3-453e-9b9d-f9e86028130e,3000,installment_1,2025-09-23,,2025-09-23 03:37:31.036337+00,2025-09-23 03:37:31.036337+00
47b0aae5-80ce-495d-89c2-036565b9ecc1,d4a74098-c3e0-4d26-8659-a0d7a3650c1e,3000,advance,2026-02-10,Initial advance payment,2026-02-10 02:52:46.68924+00,2026-02-10 02:52:46.68924+00
48719267-b7e5-4924-bc33-09b636bd3475,04a208c9-afd5-4b9c-9204-c051d826285a,3000,advance,2025-09-05,Initial advance payment,2025-09-05 06:34:42.77604+00,2025-09-05 06:34:42.77604+00
48c64193-01be-4bbe-83f7-f9da1e78ce45,3166dd93-463e-420e-97ab-1c4ea02a23c1,3000,advance,2025-12-15,Initial advance payment,2025-12-15 05:33:21.568755+00,2025-12-15 05:33:21.568755+00
4b10b71e-adde-4edb-aa65-0cc4c5cde593,4f37100a-24f8-4eeb-a5bd-4825cc5a9f8b,5500,advance,2025-11-29,Initial advance payment,2025-11-29 03:04:24.543078+00,2025-11-29 03:04:24.543078+00
4b2e132c-26c5-4a52-bcb2-2006e067d094,55e27ed7-e3e4-4d82-91f3-f6522da61fc1,5500,advance,2025-10-27,Initial advance payment,2025-10-27 05:25:32.21208+00,2025-10-27 05:25:32.21208+00
4b40eb19-e8e7-4650-a5e9-6192c92ef311,56fe1e08-0031-432e-8523-025c1784608a,5000,advance,2025-11-10,Initial advance payment,2025-11-10 12:13:56.474778+00,2025-11-10 12:13:56.474778+00
4fbd6262-71b3-464c-a8bb-84ac5b44503c,61b58831-5334-4da0-8090-91339e59cf68,2000,installment_1,2025-12-30,,2025-12-30 05:00:39.355301+00,2025-12-30 05:00:39.355301+00
5078d1c4-d7e9-490c-b40b-e5030010d59a,7b8190b4-9d9d-4cfb-8a8d-4d17b6e0057b,2000,installment_1,2025-12-24,,2025-12-24 06:18:39.680523+00,2025-12-24 06:18:39.680523+00
509759d1-8c3c-4231-971f-f40916889225,095af861-3ba5-4e4c-95fe-56c69951e023,2500,advance,2025-12-16,Initial advance payment,2025-12-16 04:55:12.974648+00,2025-12-16 04:55:12.974648+00
50f0469a-b21d-4778-a50b-d49af76f1847,b6eb25d0-893e-4bd5-9a98-a10491ba172c,2000,installment_1,2026-01-24,,2026-01-24 06:07:52.001148+00,2026-01-24 06:07:52.001148+00
5101a0c3-7509-4b2b-99b4-368d8ac58375,2bcf92bc-2628-4028-8382-39962bc26d06,2000,installment_1,2025-10-24,,2025-10-24 03:19:13.910562+00,2025-10-24 03:19:13.910562+00
51ba8c5d-be21-44c3-8ff5-9aa0412b11a8,bf71b36e-5cd3-4f67-b92e-064fe6ec43dc,2000,installment_1,2026-01-07,,2026-01-07 12:12:30.695634+00,2026-01-07 12:12:30.695634+00
52d526fc-a87d-4ac4-be90-a12f6e496a99,cfb152bd-d92a-4ca1-a8ee-010d63c6b96c,5500,advance,2025-09-29,Initial advance payment,2025-09-29 03:21:52.839606+00,2025-09-29 03:21:52.839606+00
5315e5fa-ea00-4998-8e10-af8e7e501537,5962098e-8d13-429f-b70c-e615093f7a51,3000,advance,2026-02-13,Initial advance payment,2026-02-13 04:50:40.865892+00,2026-02-13 04:50:40.865892+00
5323ab1d-12bd-472e-9a36-0e775f0ea5b9,56e2e600-e0f3-4c0a-b14d-0e523e9ae7c8,1,advance,2025-10-06,Initial advance payment,2025-10-06 03:29:06.054485+00,2025-10-06 03:29:06.054485+00
536b68bf-2b3c-4457-881c-6b75464895d6,62153e6a-84c2-40bd-b6a8-2db9319db58c,3000,advance,2025-11-22,Initial advance payment,2025-11-22 12:41:03.335331+00,2025-11-22 12:41:03.335331+00
538eee3f-cb32-4da0-9f7b-988afd207244,649efe37-edcc-4946-bfdb-7c91d72a1019,4500,advance,2025-12-22,Initial advance payment,2025-12-22 11:58:09.462119+00,2025-12-22 11:58:09.462119+00
541cf353-b19d-4065-b3a8-3aa25df1598a,9dcaadcc-db03-475e-acc5-d82ea7acae18,2000,installment_1,2025-11-18,,2025-11-18 04:20:43.57485+00,2025-11-18 04:20:43.57485+00
545fc609-6b25-4319-8801-6d26ccbefd87,fd99c8bd-a24d-4672-aebf-f418d56ca2ad,1000,installment_1,2025-12-22,,2025-12-22 06:10:34.111805+00,2025-12-22 06:10:34.111805+00
54bd0c30-95e1-43b5-b3e7-ae381f8b7f27,86e0f071-14fc-423f-a4e5-5474d1c51782,3500,installment_1,2025-12-12,,2025-12-12 12:27:20.359201+00,2025-12-12 12:27:20.359201+00
55ec5c67-29d9-4649-b7e1-af68bd579c7e,0719830f-d2cf-4efc-85ec-0dce0d1dc1ab,4500,advance,2025-11-18,Initial advance payment,2025-11-18 12:41:38.900897+00,2025-11-18 12:41:38.900897+00
560de92e-8483-4632-a64e-5828075daac7,def24810-62bf-45f0-a6e8-f37a132ceebe,4000,advance,2026-02-02,Initial advance payment,2026-02-02 04:51:28.326671+00,2026-02-02 04:51:28.326671+00
56491648-f8d6-41e1-a516-1739a070d730,8ab838dd-44f1-4b19-a4e0-21f99c300b32,3500,advance,2026-02-19,Initial advance payment,2026-02-19 03:24:57.210257+00,2026-02-19 03:24:57.210257+00
57aa8366-bb18-4d0b-afa8-fdf09d805529,3c13773c-8420-4fa3-a81e-ad34157a36a9,4000,advance,2026-02-09,Initial advance payment,2026-02-09 04:48:40.350459+00,2026-02-09 04:48:40.350459+00
5b0e1cf8-b2d6-4a41-9f32-43954adf1864,e4b02de7-20cb-4984-8721-e9fa9cd9f928,4500,advance,2025-12-26,Initial advance payment,2025-12-26 06:49:05.418784+00,2025-12-26 06:49:05.418784+00
5ec418e6-606f-41d5-9ed6-626cae4e02b7,8b9ceb2b-4f30-4e34-98e2-bcbc81ed8372,2000,installment_1,2025-12-24,,2025-12-24 06:18:12.615341+00,2025-12-24 06:18:12.615341+00
5f114fc5-edc5-4939-802c-d6b64a6796a4,4e5de3e6-0256-4be0-8fb1-96cb1aaf7dde,5000,advance,2025-09-02,Initial advance payment,2025-09-02 12:25:03.240213+00,2025-09-02 12:25:03.240213+00
5f483278-70ac-4ea8-a258-8983d5d0e012,b6167751-d91d-4249-b171-484b500e4ef2,4500,installment_1,2025-09-30,,2025-09-30 12:05:03.249665+00,2025-09-30 12:05:03.249665+00
623c12b4-e8d5-42d6-ad0c-40522f3a25dc,172fa8ff-37be-480b-8615-4895fed9f3b5,5000,advance,2025-10-06,Initial advance payment,2025-10-06 06:03:26.343484+00,2025-10-06 06:03:26.343484+00
628acd44-3d49-427f-b5a0-66989ff8921b,3e2d8e40-1638-4ab0-a453-dbad6fd16019,3000,advance,2026-01-07,Initial advance payment,2026-01-07 08:00:06.146122+00,2026-01-07 08:00:06.146122+00
6344bc1e-6517-49ca-b26e-f6b1bb61984c,ac3c8bbd-8aa9-4e94-a856-070f9510215b,1000,installment_2,2026-01-22,,2026-01-22 03:42:22.129755+00,2026-01-22 03:42:22.129755+00
65615cc0-8685-4d54-bd45-f6e364903542,a175284b-ba9c-4f73-a0d8-509838c7d3a3,300,advance,2025-11-27,Initial advance payment,2025-11-27 05:54:06.002091+00,2025-11-27 05:54:06.002091+00
6804738e-7b87-4a05-8585-9f5bde921021,579f22ee-5e5c-4edc-9dfc-ce51faba4873,1000,installment_1,2026-02-02,,2026-02-02 06:19:35.388086+00,2026-02-02 06:19:35.388086+00
681d9390-d566-4f45-a1a5-3f8d36f44008,793c4f0c-f615-4289-a163-6e8c2e4216c2,5000,advance,2025-08-29,Initial advance payment,2025-08-29 12:21:17.754886+00,2025-08-29 12:21:17.754886+00
699a0587-3ad0-4e08-994f-dcc84f2ff6e0,9a8dff0f-bf25-460d-bbbf-4cae1afbfdad,5000,advance,2025-12-09,Initial advance payment,2025-12-09 05:39:28.373121+00,2025-12-09 05:39:28.373121+00
69c68a92-5fb5-4e87-8ba2-4a418db36441,71f0c9b7-3fc9-4cf6-ae27-ab15e25e99c9,1,advance,2025-12-08,Initial advance payment,2025-12-08 04:51:29.238787+00,2025-12-08 04:51:29.238787+00
6bfcd030-3497-4707-9d99-86761a647912,496d7baf-e02f-4c3c-a770-bc689892d701,5500,advance,2025-12-03,Initial advance payment,2025-12-03 05:17:28.023123+00,2025-12-03 05:17:28.023123+00
6e0ba821-163c-40f1-a660-2a092cee6221,68474caa-c75e-4ef6-9354-c1939808a269,3000,advance,2026-02-23,Initial advance payment,2026-02-23 03:34:14.426386+00,2026-02-23 03:34:14.426386+00
6f542193-f4ce-4ef0-b050-07bbc831c996,7c292e3e-8e27-4284-94cd-f768f82e2144,4000,advance,2025-08-05,Initial advance payment,2025-08-05 06:43:56.671392+00,2025-08-05 06:43:56.671392+00
6fe4e768-b9bf-4319-945e-d259b7b59d5f,86e0f071-14fc-423f-a4e5-5474d1c51782,4000,advance,2025-12-10,Initial advance payment,2025-12-10 11:38:19.281791+00,2025-12-10 11:38:19.281791+00
708d4304-29f8-49e2-adca-310f270b5003,780b63e9-25d6-41ea-bb8e-8a3a90b89f4c,3000,advance,2025-09-23,Initial advance payment,2025-09-23 05:42:22.107716+00,2025-09-23 05:42:22.107716+00
70930dab-5b2c-4609-a85b-d5e9c94ca516,a0294d11-5d2b-4c0f-988a-0733122be71d,5000,advance,2025-09-02,Initial advance payment,2025-09-02 11:38:29.906951+00,2025-09-02 11:38:29.906951+00
70dfb7d0-39a3-434c-a418-5bab2cc2aeaf,a70a37ef-6e35-4dd9-ad34-4f119cc5774e,3000,advance,2026-02-02,Initial advance payment,2026-02-02 13:08:43.742639+00,2026-02-02 13:08:43.742639+00
7355e9d8-4639-4374-aec8-5d1f4ba95202,2f6348ff-8404-4a53-994f-420e632a1da1,3000,advance,2026-01-24,Initial advance payment,2026-01-24 11:14:22.012436+00,2026-01-24 11:14:22.012436+00
75aab326-499c-4852-9197-9cf416d36445,e589fb54-0c9b-4735-ad90-ad78d110f2ff,2500,advance,2026-02-03,Initial advance payment,2026-02-03 12:31:51.215801+00,2026-02-03 12:31:51.215801+00
78a02f4c-e0ea-4e19-995d-61d594f7d805,fb26107e-234c-463f-bc73-1f1be2f3222b,4000,installment_1,2026-01-26,,2026-01-26 05:27:11.262193+00,2026-01-26 05:27:11.262193+00
7aac9f5e-2c08-4d16-9ac3-a0a69f426cea,f98d0c3f-ee77-46eb-9563-797f49d46151,1000,installment_1,2026-02-19,,2026-02-19 06:35:03.211473+00,2026-02-19 06:35:03.211473+00
7aeee06e-ba5b-4e21-897f-0b931a4f4fd8,fbec90d1-7669-41e9-b0b5-23b64053f0cd,7500,advance,2025-09-03,Initial advance payment,2025-09-03 03:35:51.761553+00,2025-09-03 03:35:51.761553+00
7b0b86a4-6269-4abc-a6df-d619fd9eaeef,2e38b6b1-1541-4d56-a3f6-59117a918677,4000,advance,2025-08-16,Initial advance payment,2025-08-16 04:05:37.567708+00,2025-08-16 04:05:37.567708+00
7d2287d0-fc34-47d1-b132-2da79568c0f2,a4f02947-726e-47ac-9452-e314089a531f,3000,advance,2025-09-04,Initial advance payment,2025-09-04 12:05:41.066665+00,2025-09-04 12:05:41.066665+00
7db81f1b-b9dd-4029-8cb4-26c06b02498e,0f08e244-1a71-4771-9eeb-3ea5741a1804,2000,advance,2025-08-18,Initial advance payment,2025-08-18 03:20:32.386467+00,2025-08-18 03:20:32.386467+00
7e1269cf-bbe1-41ce-86c7-a25cdbb4c2d4,53fd193e-a6d3-4701-943e-b242a25d665b,8500,advance,2025-11-07,Initial advance payment,2025-11-07 12:01:55.33782+00,2025-11-07 12:01:55.33782+00
806d91c8-1cc1-40c9-a586-3c30978413f3,381ebd9f-caca-4821-9209-b605ed65aeea,3500,advance,2025-12-11,Initial advance payment,2025-12-11 07:30:49.535564+00,2025-12-11 07:30:49.535564+00
813e8c4d-a06b-410e-8e7c-6592ee3910aa,b919ea4b-5936-4dee-9cb1-9bb3f64a7925,5500,advance,2026-01-14,Initial advance payment,2026-01-14 12:02:14.580073+00,2026-01-14 12:02:14.580073+00
83d4ed1b-676b-4990-a4c4-0399e8912a1c,2ba74be1-1851-4a7a-acbb-0492d3167df8,2500,installment_1,2026-02-04,,2026-02-04 12:19:15.266703+00,2026-02-04 12:19:15.266703+00
8457f07e-30c0-4b86-bb86-4759a7886156,11d8f54a-f123-4ba5-b635-c2814ec1496b,3000,advance,2026-02-14,Initial advance payment,2026-02-14 05:02:35.186031+00,2026-02-14 05:02:35.186031+00
85e7bc86-45ee-4d3a-bab2-05c0f3ee107d,4b016f7e-2161-4a0a-a8a9-5cab37aff87c,1000,installment_1,2025-12-02,Cash,2025-12-02 06:09:34.391003+00,2025-12-02 06:09:34.391003+00
87e06eae-1e3c-4f3c-9b4c-4c5f40c84549,71772fb2-4ede-4f7c-98f9-6ebd10e552fa,1,advance,2025-11-21,Initial advance payment,2025-11-22 06:16:55.049758+00,2025-11-22 06:18:41.138486+00
87e9f0c9-a9e2-47b0-8d96-17e903559a55,2ba74be1-1851-4a7a-acbb-0492d3167df8,2500,advance,2025-12-30,Initial advance payment,2025-12-30 12:05:03.114679+00,2025-12-30 12:05:03.114679+00
88cf1f50-3bd6-4c2a-8437-751f386a559b,1aab1f20-1dc1-4f85-8abe-09c37d839a14,5500,advance,2026-01-20,Initial advance payment,2026-01-20 12:02:10.303527+00,2026-01-20 12:02:10.303527+00
8a487fd1-da9b-48cb-8458-e1a608fe8369,e2d251aa-f73f-44a6-9c9e-02efcb52a759,3000,advance,2025-08-16,Initial advance payment,2025-08-16 03:03:59.406502+00,2025-08-16 03:03:59.406502+00
8ab754ba-1ae9-4641-a3f8-45ab6428bbc4,bf71b36e-5cd3-4f67-b92e-064fe6ec43dc,3000,advance,2025-12-15,Initial advance payment,2025-12-15 05:30:28.915908+00,2025-12-15 05:30:28.915908+00
8c8f5083-3395-4cbb-bf84-ed31b040e1dd,2bd15312-ed3e-43fc-bd85-824d2be7caca,2000,advance,2026-02-19,Initial advance payment,2026-02-19 03:25:44.528844+00,2026-02-19 03:25:44.528844+00
8d47775b-e97b-4a52-a567-df3edd4a4072,5886c63c-5e5c-4773-adf0-b961c2f1a88f,5000,advance,2025-11-17,Initial advance payment,2025-11-17 04:18:31.518302+00,2025-11-17 04:18:31.518302+00
8e4f5bf5-8039-4838-9836-be6f2c7b4b19,a4f02947-726e-47ac-9452-e314089a531f,1500,installment_3,2025-11-20,DL,2025-11-21 03:42:08.912622+00,2025-11-21 08:33:37.570742+00
8f711171-e571-4ab5-857e-ca3e30ed44d0,65ae63b6-fff4-4b1e-b493-c79bca00aa1e,1500,installment_1,2025-10-19,,2025-11-21 08:40:23.999673+00,2025-11-21 08:41:01.972773+00
90b3a115-2575-457d-b44b-a30063e21b20,661ca6f0-5f6f-43de-9ab8-2bd4fe42f4c8,4000,installment_1,2025-12-17,,2025-12-17 03:09:34.485304+00,2025-12-17 03:09:34.485304+00
90db1a22-17c9-4c57-84fd-f0f4d14093b8,0bc9cfdf-9336-40db-b812-0e0430880873,3000,installment_1,2025-12-06,,2025-12-06 12:25:41.850905+00,2025-12-06 12:25:41.850905+00
92c8d954-9ede-4153-8a2f-f528a4476b75,3624b69d-33e6-44dd-9be5-b8044da30ce2,3000,advance,2025-12-27,Initial advance payment,2025-12-27 05:22:08.673724+00,2025-12-27 05:22:08.673724+00
93821366-35a8-40b7-aab3-cb21d7ad579a,cb5f8ffa-c4f9-4adf-9dfc-c12f0d702844,2000,installment_1,2026-02-02,,2026-02-02 04:07:14.744459+00,2026-02-02 04:07:14.744459+00
93e264e9-535d-4ed5-b189-d16ea696fcf9,9bccefee-2f7a-4711-9810-afcaecd86e17,1000,installment_1,2025-08-11,,2025-08-11 12:31:05.733645+00,2025-08-11 12:31:05.733645+00
941b951a-3b4b-4150-937e-27647c4e34d1,c2d725aa-b39e-40c3-848a-4ac2358e5f62,2000,installment_1,2026-01-08,,2026-01-08 12:30:50.22151+00,2026-01-08 12:30:50.22151+00
94c6aa10-74e6-4331-8127-4595379f8325,0bc9cfdf-9336-40db-b812-0e0430880873,1,advance,2025-11-21,Initial advance payment,2025-11-22 11:55:51.018846+00,2025-11-22 11:58:52.072422+00
98b568a6-51ed-4a08-90cb-873678c9b487,9bccefee-2f7a-4711-9810-afcaecd86e17,2000,installment_2,2025-09-23,,2025-09-23 04:05:32.228354+00,2025-09-23 04:05:32.228354+00
98c3aeb0-960a-4f1a-a75f-fada538ef0f5,36df6bc3-1c79-4941-9d6b-28e224ee93ae,3000,advance,2025-12-15,Initial advance payment,2025-12-15 05:34:15.394622+00,2025-12-15 05:34:15.394622+00
9a010e2a-edde-4378-a1b5-b803910977cd,8a740759-a5b2-4bfe-bb35-9b7896e39800,5000,advance,2025-08-25,Initial advance payment,2025-08-25 06:22:26.019434+00,2025-08-25 16:26:39.822208+00
9b3e677d-3f6e-41e4-b4cb-92e0b5ac1ff3,77af80c1-adeb-4919-b54f-703b36fa67c9,2000,installment_1,2025-12-22,,2025-12-22 03:56:29.719612+00,2025-12-22 03:56:29.719612+00
9c01d1d1-555c-422e-9f62-8c8623e589d5,d9df9bcc-86ca-45b1-a324-b248e72ea6ae,5500,advance,2025-09-01,Initial advance payment,2025-09-01 11:51:50.848871+00,2025-09-01 11:51:50.848871+00
9cd6410e-da6d-47e1-9d42-2f47fbba98aa,d9d5b041-aa18-4630-9252-dd2b8e505dd0,3000,advance,2025-09-02,Initial advance payment,2025-09-02 11:36:08.836987+00,2025-09-02 11:36:08.836987+00
9f0725f7-b2d5-47d2-ac14-f4b0ca1a7f9a,a6bf347d-cd59-4465-bbc2-54f32edee139,1,advance,2026-01-05,Initial advance payment,2026-01-05 11:48:49.187738+00,2026-01-05 11:48:49.187738+00
a13c9f99-240d-4f43-9454-a7ee9930879c,c004c93a-6dd5-4457-b754-2350e1c78fe3,4500,advance,2025-12-22,Initial advance payment,2025-12-22 11:57:11.384152+00,2025-12-22 11:57:11.384152+00
a152296e-8fd0-45e5-b606-52b9beaff2b4,77af80c1-adeb-4919-b54f-703b36fa67c9,2500,advance,2025-12-10,Initial advance payment,2025-12-10 03:59:49.215811+00,2025-12-10 03:59:49.215811+00
a3891a51-24cf-4ab5-924a-a8f5dbf38cc6,9bccefee-2f7a-4711-9810-afcaecd86e17,5000,advance,2025-08-02,Initial advance payment,2025-08-02 11:45:06.855405+00,2025-08-02 11:45:06.855405+00
a3ca3dcd-8fd2-44b1-bdaf-50e83adcf684,3c13773c-8420-4fa3-a81e-ad34157a36a9,1000,installment_1,2026-02-18,,2026-02-18 04:20:52.46395+00,2026-02-18 04:20:52.46395+00
a53a62ab-fbd9-49fa-8d87-1ecef357f81a,b8e0499a-68ee-425e-9aa2-bd9735e7bff7,5500,advance,2025-08-25,Initial advance payment,2025-08-25 11:29:18.032744+00,2025-08-25 11:29:18.032744+00
a5af395e-74ee-4639-aff8-e603056c59a7,9ad85fc1-e41d-403b-9fc8-5181104587c1,2000,installment_1,2025-12-22,,2025-12-22 05:54:16.85142+00,2025-12-22 05:54:16.85142+00
a630234c-d35b-4559-b51e-971c936f4fc8,fcb6612b-e035-4056-9a07-3daa7b5f90d6,4000,advance,2025-11-06,Initial advance payment,2025-11-06 12:55:58.866837+00,2025-11-06 12:55:58.866837+00
a63c940b-0764-4844-b8e0-4b4bba3f4eb7,1298ab27-b4ba-4bde-b241-02d4f088be8b,1000,advance,2025-12-08,Initial advance payment,2025-12-08 05:14:40.847377+00,2025-12-08 05:14:40.847377+00
a69c62bc-59a4-4465-8f6c-411e893c9094,b65c9790-6b0c-4094-bc67-c1fd3ce39b0e,5000,advance,2026-02-09,Initial advance payment,2026-02-09 04:45:58.877148+00,2026-02-09 04:45:58.877148+00
a8787fd9-1e07-472e-902e-41379a85d10c,c2a5815c-c8d9-4d64-852a-ad4b4ce0b149,5000,advance,2025-08-12,Initial advance payment,2025-08-12 13:14:21.25947+00,2025-08-12 13:14:21.25947+00
aa7169ef-15f4-425d-83ad-1be5f84e4886,c5ffd878-44b9-416a-adbe-e5e5ee725b98,5500,advance,2025-12-29,Initial advance payment,2025-12-29 02:34:30.724051+00,2025-12-29 02:34:30.724051+00
ab470d5c-12c1-4765-8423-7e94667deec2,1d5cd5fa-30c3-453e-9b9d-f9e86028130e,5000,advance,2025-08-12,Initial advance payment,2025-08-12 13:11:54.673542+00,2025-08-12 13:11:54.673542+00
ab82dd90-5ffe-4c7d-a3c2-6874f0724693,1bad3f28-3af6-4e84-a924-30e029af49f5,3000,advance,2026-02-13,Initial advance payment,2026-02-13 13:08:05.104515+00,2026-02-13 13:08:05.104515+00
ac7b8044-74d4-49da-b65a-61b46e5d4a23,bc306268-9ced-4f66-aff4-1212f40161d3,3000,advance,2025-08-02,Initial advance payment,2025-08-02 12:28:50.318004+00,2025-08-02 12:28:50.318004+00
acaa0a4e-3e82-4d86-8982-4e6a26b51b3f,fb26107e-234c-463f-bc73-1f1be2f3222b,1000,installment_2,2026-02-07,,2026-02-07 06:00:57.231104+00,2026-02-07 06:00:57.231104+00
afb0a927-3836-4ce6-aa90-85ca74a12a4f,800beba5-ff0e-4ced-bc59-51a62302dc10,5000,installment_1,2025-12-17,,2025-12-17 03:08:42.710456+00,2025-12-17 03:08:42.710456+00
b1dad2d0-3b51-48ba-82f9-7d652bb8658c,eaba885f-7db1-46cb-9205-78a42bac055b,3000,advance,2025-12-01,Initial advance payment,2025-12-01 02:30:52.607625+00,2025-12-01 02:30:52.607625+00
b36621e7-f46a-49e6-9af2-0e1ac578ecb0,9b38075b-1ff6-4fd0-8e2d-0925e61619a7,3500,installment_1,2025-12-17,,2025-12-17 12:21:55.209512+00,2025-12-17 12:21:55.209512+00
b3dd420c-a59f-4780-9e6d-1412200a0e7e,85755bb5-ccc3-4bf4-9bca-bb3f6b07eff9,1,advance,2025-10-08,Initial advance payment,2025-10-08 03:59:17.305072+00,2025-10-08 03:59:17.305072+00
b526190a-de4a-4c04-b695-98a5b1ff27c5,81bf7940-38c1-4ec3-afc6-a9efc7ca0bd8,2500,advance,2025-12-26,Initial advance payment,2025-12-26 11:30:14.871377+00,2025-12-26 11:30:14.871377+00
b60ad07a-316e-415c-9f67-657599457ae8,9dcaadcc-db03-475e-acc5-d82ea7acae18,1500,installment_2,2026-02-05,,2026-02-05 04:00:33.591487+00,2026-02-05 04:00:33.591487+00
b65e223d-7af0-4a31-ab7f-2fc8a3e3c797,4b016f7e-2161-4a0a-a8a9-5cab37aff87c,4500,advance,2025-11-17,Initial advance payment,2025-11-17 11:59:28.010416+00,2025-11-17 11:59:28.010416+00
b7d5045b-60fe-4fd0-ad48-f87cb77bb19b,05600b46-c7f2-4028-b082-e19f3c150ca0,7500,advance,2025-09-10,Initial advance payment,2025-09-10 04:46:36.425204+00,2025-09-10 04:46:36.425204+00
b80ed41c-14c4-4949-8d42-0e157988df65,095af861-3ba5-4e4c-95fe-56c69951e023,2500,installment_1,2025-12-26,,2025-12-26 03:31:37.972136+00,2025-12-26 03:31:37.972136+00
b824df56-ab39-4e41-b68a-b72e1db10215,bd45214b-d6f6-456d-9fe9-1aa4a8437e88,3000,advance,2025-10-06,Initial advance payment,2025-10-06 12:14:55.792842+00,2025-10-06 12:14:55.792842+00
b84aa0f4-7cfe-460a-83ae-91867709f8a8,ac3c8bbd-8aa9-4e94-a856-070f9510215b,2000,advance,2025-12-29,Initial advance payment,2025-12-29 03:20:38.62262+00,2025-12-29 03:20:38.62262+00
b8a733b3-4571-4ae9-b167-a9c4aec4851c,b8865d4e-4c07-4a65-9a10-3aa69d144424,2500,installment_1,2025-12-31,,2025-12-31 11:41:56.144662+00,2025-12-31 11:41:56.144662+00
ba505677-d865-4a69-aa1e-df6465436f67,65ae63b6-fff4-4b1e-b493-c79bca00aa1e,3000,advance,2025-09-19,Initial advance payment,2025-09-19 12:47:52.600443+00,2025-09-19 12:47:52.600443+00
ba8cbe88-413a-4e7c-8b6e-683e396272bd,5d62de90-255e-47f8-8eda-7f043aa9bd10,4800,advance,2025-11-22,Initial advance payment,2025-11-22 12:33:07.691898+00,2025-11-22 12:33:07.691898+00
bc0b751c-eaa9-4839-afd3-1304fb466756,11d8f54a-f123-4ba5-b635-c2814ec1496b,2000,installment_1,2026-02-23,,2026-02-23 05:18:30.020858+00,2026-02-23 05:18:30.020858+00
bc56cc03-dc1f-40d4-8e53-1c77952176fe,9b38075b-1ff6-4fd0-8e2d-0925e61619a7,3500,advance,2025-11-19,Initial advance payment,2025-11-19 12:00:49.305897+00,2025-11-19 12:00:49.305897+00
bdb28d9a-747f-4e0b-b4f9-d39dd1d1bcfa,5c395ac8-a5ef-4086-96ac-f02983b19758,4000,advance,2025-12-22,Initial advance payment,2025-12-22 05:11:20.95676+00,2025-12-22 05:11:20.95676+00
be55a973-14c4-4587-976f-54ef4e9332fc,5a614cff-722e-475b-81eb-b59bb0c893bd,3000,installment_1,2025-11-07,,2025-11-07 11:01:38.831366+00,2025-11-07 11:01:38.831366+00
be94bc04-ed7b-42d5-8c43-951c1db5e3c2,fcb6612b-e035-4056-9a07-3daa7b5f90d6,3500,installment_1,2025-11-18,,2025-11-18 05:09:44.371552+00,2025-11-18 05:09:44.371552+00
c20441ab-646e-438f-8ec3-3448fbc8aeb4,1319fbcf-68b4-486c-a757-89d797e72c6d,2000,installment_1,2025-10-06,,2025-10-06 12:21:23.510582+00,2025-10-06 12:21:23.510582+00
c4015199-7292-4c75-8a2f-bba6c625008a,e784dde1-8af4-4f37-af6a-6f9a9a6636ab,8000,advance,2025-09-18,Initial advance payment,2025-09-18 12:21:31.502237+00,2025-09-18 12:21:31.502237+00
c6d5600d-8cc8-4b89-bd50-adf2a878010d,8a740759-a5b2-4bfe-bb35-9b7896e39800,500,installment_1,2025-10-24,,2025-10-24 06:54:28.300875+00,2025-10-24 06:54:28.300875+00
c7676a0a-c87e-45c3-a243-e4617f9b945f,f1a236ef-1f9b-49cf-90b3-aa6fbed3d878,5500,advance,2025-09-25,Initial advance payment,2025-09-25 03:10:59.871038+00,2025-09-25 03:10:59.871038+00
c7713aea-a35d-49fc-b9f1-869d067b5e44,59364a17-d050-4cb0-98f3-139ee2cc4e87,500,installment_1,2025-11-22,lerning,2025-11-22 05:46:35.084727+00,2025-11-22 05:46:35.084727+00
c848bc4e-d32c-4f54-8411-70d2d20973db,e820a8ea-b80b-46b5-925e-0a91df687061,3000,advance,2025-11-04,Initial advance payment,2025-11-04 05:59:58.49228+00,2025-11-04 05:59:58.49228+00
c884deeb-49d5-4cc5-ae93-8c0160f73eeb,d38eb72a-27d2-4669-acdb-dcaba4b03515,2500,installment_1,2026-02-23,,2026-02-23 05:36:02.005551+00,2026-02-23 05:36:02.005551+00
c8b66a11-e1aa-4967-89cb-2c0f2d145b7b,c95bb8cd-7d93-4748-ba07-d40da52dc1d0,4000,advance,2026-02-09,Initial advance payment,2026-02-09 04:47:37.19465+00,2026-02-09 04:47:37.19465+00
c8c5d1ae-015d-476b-922d-455b90ab0473,61b58831-5334-4da0-8090-91339e59cf68,3000,advance,2025-11-29,Initial advance payment,2025-11-29 11:42:09.571868+00,2025-11-29 11:42:09.571868+00
c8eb1e85-7925-4a12-afae-dcac4875b9d8,e820a8ea-b80b-46b5-925e-0a91df687061,2000,installment_1,2025-12-01,,2025-12-01 05:28:02.788687+00,2025-12-01 05:28:02.788687+00
c9ac1516-4721-4606-a8c5-37396252d2ae,8c4b4c95-bc5d-4b72-8db8-b766b1d5cb0e,5500,advance,2025-08-28,Initial advance payment,2025-08-28 12:50:50.249189+00,2025-08-28 12:50:50.249189+00
caf57041-fd64-47c9-8ce0-7f0ae2d66927,b70388ef-e3ce-447a-9c38-056a2fed9ba6,2000,installment_1,2025-10-18,,2025-10-18 04:43:51.033267+00,2025-10-18 04:43:51.033267+00
cc725f8a-2e23-4d5e-a616-6eea562a5bdd,7fed01dd-bbda-4bc7-b3ab-09cf1972898b,3000,advance,2026-03-03,Initial advance payment,2026-03-03 04:44:59.53206+00,2026-03-03 04:44:59.53206+00
cc7f3dbd-2fc5-4a78-a9ea-b01461118282,eaba885f-7db1-46cb-9205-78a42bac055b,2000,installment_1,2025-12-19,,2025-12-19 02:59:29.770048+00,2025-12-19 02:59:29.770048+00
cca2548d-46d7-4e4a-8f8d-1f637d7a8560,3c814926-8be8-4909-bb1b-9adfc539cc14,5000,advance,2025-08-05,Initial advance payment,2025-08-05 05:08:41.420869+00,2025-08-05 05:08:41.420869+00
ccc93503-dac1-494c-a4f6-1be76df341bc,1e2cbc86-dde5-4ca3-ad73-9e0931ac9d50,3000,advance,2025-09-18,Initial advance payment,2025-09-18 11:36:43.614218+00,2025-09-18 11:36:43.614218+00
ccc96e39-95ca-4f7c-afe4-4fb660155f5a,c46c507a-c85d-494c-9771-e7609bbaac55,3500,advance,2025-11-07,Initial advance payment,2025-11-07 11:04:12.699286+00,2025-11-07 11:04:12.699286+00
cd8b7cea-2565-46fd-9992-73c4582fb59a,139716da-ab48-43fd-8fe9-91269a8258d8,4000,advance,2025-12-11,Initial advance payment,2025-12-11 11:44:44.815451+00,2025-12-11 11:44:44.815451+00
cea858d5-1e5a-4f28-ae6d-1c2d217797f3,9dcaadcc-db03-475e-acc5-d82ea7acae18,2000,advance,2025-11-17,Initial advance payment,2025-11-17 04:58:22.359673+00,2025-11-17 04:58:22.359673+00
ceccf24c-a831-4b15-a2f9-7d69d53e0647,ed00a137-464d-4039-be6d-30afaa7b48ba,3000,advance,2026-02-17,Initial advance payment,2026-02-17 04:50:01.477001+00,2026-02-17 04:50:01.477001+00
cede775f-ada9-4801-95b9-d159f23be81d,de78fecb-5229-47f4-ba88-ce3a22c0aac9,4998,advance,2025-09-23,Initial advance payment,2025-09-23 12:04:11.845206+00,2025-09-23 12:04:11.845206+00
d8287fee-278a-4289-96d8-922001dfeb99,9e5483ca-4cca-43a8-9c9e-d2c8a4bde8ef,5500,advance,2025-10-04,Initial advance payment,2025-10-04 06:15:54.518132+00,2025-10-04 06:15:54.518132+00
d95c0704-0252-466d-964f-080acedd0af7,d4a74098-c3e0-4d26-8659-a0d7a3650c1e,2500,installment_1,2026-03-03,,2026-03-03 05:28:15.917832+00,2026-03-03 05:28:15.917832+00
d9ba036b-8197-4186-b7f9-8aa42a1ccfee,fe593cbb-1248-4885-b037-31f5a3a296de,1000,installment_1,2025-12-30,,2025-12-30 12:46:13.948766+00,2025-12-30 12:46:13.948766+00
dc48c474-e920-4c6e-b18a-304db0d20c47,a33b1e64-ef40-4c72-8512-500ad70101ba,4000,advance,2025-10-31,Initial advance payment,2025-10-31 02:14:56.639746+00,2025-10-31 02:14:56.639746+00
dcd2d3cb-131b-4d7e-af20-e3662a9fc707,56e15c41-bfdb-4e0e-89e5-c7603a1b3439,3000,advance,2026-02-11,Initial advance payment,2026-02-11 02:59:22.531213+00,2026-02-11 02:59:22.531213+00
dcd3619f-ea19-43e8-944e-c73189760d7b,21fd6bc9-c30a-41f9-9cc5-a73a65396296,4000,advance,2025-11-22,Initial advance payment,2025-11-22 06:01:16.170528+00,2025-11-22 06:01:16.170528+00
de4c5d6a-90bb-444b-a2c3-e3def7b0e122,842d2a71-fc37-48a7-99b5-0db25e8d99fe,5000,advance,2025-09-02,Initial advance payment,2025-09-02 11:37:19.197372+00,2025-09-02 11:37:19.197372+00
df215ef8-f071-4e64-8d72-b01a80e98a9e,9dfa0aaa-a99f-4368-95f4-6083c6b51fc0,3000,advance,2026-02-16,Initial advance payment,2026-02-16 04:57:49.277099+00,2026-02-16 04:57:49.277099+00
e063ccfd-afe8-4f18-81c4-4cf675d100e1,c95bb8cd-7d93-4748-ba07-d40da52dc1d0,1000,installment_1,2026-02-18,,2026-02-18 04:21:30.475776+00,2026-02-18 04:21:30.475776+00
e11ed2d6-d869-4eab-965f-9a0a73277c88,4ff4aa7d-09e2-4e6d-bf6c-21628776b229,4499,installment_1,2025-11-20,,2025-11-20 12:42:41.350172+00,2025-11-20 12:42:41.350172+00
e1e55621-2ed2-4f03-95fb-2903ceaea21f,9ad85fc1-e41d-403b-9fc8-5181104587c1,3000,advance,2025-12-01,Initial advance payment,2025-12-01 02:42:48.837503+00,2025-12-01 02:42:48.837503+00
e26ddbb9-77b1-4f2d-ade2-ed07d3f7796d,1319fbcf-68b4-486c-a757-89d797e72c6d,2000,advance,2025-10-06,Initial advance payment,2025-10-06 12:20:58.122274+00,2025-10-06 12:20:58.122274+00
e4c0a1d2-85e9-4d30-939c-079dab9fc1fd,1319fbcf-68b4-486c-a757-89d797e72c6d,1000,installment_2,2025-11-07,cash,2025-11-07 11:56:03.89375+00,2025-11-07 11:56:03.89375+00
e6fbbea1-91c7-46c1-b722-2ef40d0f141f,5d9ad86c-0e1d-4b32-ab66-7c466b1bbc8b,5000,advance,2026-02-02,Initial advance payment,2026-02-02 13:03:42.313062+00,2026-02-02 13:03:42.313062+00
e715e0d9-2223-42ec-b221-6f60d17e952d,a175284b-ba9c-4f73-a0d8-509838c7d3a3,2700,installment_2,2025-12-22,,2025-12-22 05:43:10.740604+00,2025-12-22 05:43:10.740604+00
e739e9b8-4da3-4d38-aee8-aad0ddafde73,80e3da95-0183-455b-bdc6-f482fede0e25,2000,installment_1,2025-09-08,,2025-09-08 06:49:47.328108+00,2025-09-08 06:49:47.328108+00
e7e12df3-2d0f-4f2c-b927-524a2d099e01,347da99c-66c6-43a0-90ac-7c93b249e430,5000,advance,2025-08-04,Initial advance payment,2025-08-04 12:10:27.291421+00,2025-08-04 12:10:27.291421+00
e80851e7-2cd4-4360-ae1a-ddbfcbc4be56,281cf66f-151a-4612-ae2c-eaaa44cacecf,2500,installment_1,2025-12-22,,2025-12-22 06:10:54.476871+00,2025-12-22 06:10:54.476871+00
e836dd8d-7fed-4038-a87d-a9ac803cd4a2,e6a746b1-ae12-44ef-b889-4935a557d1e9,4000,advance,2026-02-19,Initial advance payment,2026-02-19 03:26:59.382229+00,2026-02-19 03:26:59.382229+00
ea4c6863-89f2-4623-84f2-f073542d9a7e,c5ca7d07-ba88-4156-b66c-26680bb58989,3000,advance,2025-08-07,Initial advance payment,2025-08-07 02:54:21.180026+00,2025-08-07 02:54:21.180026+00
ea55992d-2b6c-45db-94e0-6c55856d5abe,72cd2186-829a-4fbe-a00d-6db8094fef9b,5000,advance,2025-12-08,Initial advance payment,2025-12-08 12:49:14.082738+00,2025-12-08 12:49:14.082738+00
eced5b1b-5a0e-4803-9656-f3c8e6e7e559,1e2cbc86-dde5-4ca3-ad73-9e0931ac9d50,2500,installment_1,2025-11-10,,2025-11-10 04:57:52.216311+00,2025-11-10 04:57:52.216311+00
f1bfb234-449b-4f27-a7d0-b8b7a26d6a1c,bb5bdf0c-e6ec-4d78-b958-b317148ac9c7,4500,advance,2025-11-10,Initial advance payment,2025-11-10 05:11:24.021905+00,2025-11-10 05:11:24.021905+00
f1f81259-0bfa-409e-b4e1-41f397f019a3,b8ef6647-f562-4ee4-8fd8-b98661ffd985,5000,advance,2025-09-03,Initial advance payment,2025-09-03 12:11:04.270285+00,2025-09-03 12:11:04.270285+00
f2ca3c7e-e065-44ef-868a-f70edf711ba6,f98d0c3f-ee77-46eb-9563-797f49d46151,4000,advance,2026-01-30,Initial advance payment,2026-01-30 05:31:01.762688+00,2026-01-30 05:31:01.762688+00
f3135acc-665d-420b-9d39-26025df2452e,a4f02947-726e-47ac-9452-e314089a531f,2000,installment_1,2025-10-04,,2025-10-04 03:11:48.740326+00,2025-10-04 03:11:48.740326+00
f3e9545f-f5fb-4b45-b3b7-989e4e764949,33e66756-c489-42ff-8977-52d852091510,5000,advance,2025-12-16,Initial advance payment,2025-12-16 03:05:04.153246+00,2025-12-16 03:05:04.153246+00
f5c357f8-3558-4c6e-97e4-37632e00c196,a175284b-ba9c-4f73-a0d8-509838c7d3a3,2500,installment_1,2025-12-22,,2025-12-22 05:08:57.115133+00,2025-12-22 05:08:57.115133+00
f63b7c54-e07c-4c43-94ce-eae18f42cbf5,47b34cb7-861a-4ee1-8297-1ac071326165,2500,advance,2025-12-16,Initial advance payment,2025-12-16 04:54:15.961984+00,2025-12-16 04:54:15.961984+00
f9690fc3-12b1-47fd-8a39-5d5633e7673c,8e89d55d-6da0-407d-8672-caf5b40fa625,3000,advance,2026-02-21,Initial advance payment,2026-02-21 02:38:01.084388+00,2026-02-21 02:38:01.084388+00
f9ae6ea5-38da-43ef-a4fd-5468a1cf420b,36df6bc3-1c79-4941-9d6b-28e224ee93ae,2000,installment_1,2026-01-03,,2026-01-03 12:18:02.512584+00,2026-01-03 12:18:02.512584+00
fa11ae13-4709-40c2-b491-c8ceacb5c96d,381ebd9f-caca-4821-9209-b605ed65aeea,5000,installment_1,2026-01-20,,2026-01-20 11:23:13.554338+00,2026-01-20 11:23:13.554338+00
fb626bd2-514c-4152-a598-76a8e12451f4,b8865d4e-4c07-4a65-9a10-3aa69d144424,2500,advance,2025-12-22,Initial advance payment,2025-12-22 11:35:03.386752+00,2025-12-22 11:35:03.386752+00
fba9bdf0-e599-4622-ac01-fdd6ee856bb4,5be8b633-380c-47d9-a66f-ce8064f8a012,5500,advance,2025-09-30,Initial advance payment,2025-09-30 04:23:39.204843+00,2025-09-30 04:23:39.204843+00
ff6a4076-c4e3-43d6-aa02-cfbf36b2525d,bc135398-a09d-4fa5-b2b2-736ff91df013,5500,advance,2025-09-20,Initial advance payment,2025-09-20 12:23:50.270904+00,2025-09-20 12:23:50.270904+00
fff0691b-8934-4ca1-9085-9c2c8344864d,47b34cb7-861a-4ee1-8297-1ac071326165,2500,installment_1,2025-12-26,,2025-12-26 03:32:38.954853+00,2025-12-26 03:32:38.954853+00